100,4950
0,1,13
0,2,10
0,3,0
0,4,7
0,5,17
0,6,2
0,7,15
0,8,1
0,9,15
0,10,15
0,11,8
0,12,16
0,13,8
0,14,6
0,15,15
0,16,5
0,17,4
0,18,3
0,19,17
0,20,5
0,21,8
0,22,6
0,23,15
0,24,14
0,25,19
0,26,1
0,27,6
0,28,0
0,29,3
0,30,10
0,31,18
0,32,15
0,33,7
0,34,18
0,35,7
0,36,15
0,37,1
0,38,18
0,39,13
0,40,17
0,41,3
0,42,1
0,43,2
0,44,18
0,45,10
0,46,3
0,47,10
0,48,8
0,49,0
0,50,12
0,51,10
0,52,2
0,53,13
0,54,15
0,55,11
0,56,2
0,57,16
0,58,4
0,59,19
0,60,1
0,61,15
0,62,9
0,63,17
0,64,16
0,65,15
0,66,13
0,67,1
0,68,14
0,69,16
0,70,9
0,71,0
0,72,17
0,73,17
0,74,16
0,75,7
0,76,19
0,77,18
0,78,9
0,79,18
0,80,3
0,81,8
0,82,0
0,83,11
0,84,13
0,85,13
0,86,8
0,87,0
0,88,0
0,89,18
0,90,8
0,91,4
0,92,2
0,93,19
0,94,13
0,95,13
0,96,3
0,97,13
0,98,0
0,99,8
1,2,6
1,3,3
1,4,9
1,5,7
1,6,11
1,7,2
1,8,18
1,9,6
1,10,4
1,11,4
1,12,15
1,13,3
1,14,12
1,15,19
1,16,8
1,17,7
1,18,12
1,19,16
1,20,0
1,21,15
1,22,0
1,23,0
1,24,7
1,25,3
1,26,16
1,27,12
1,28,11
1,29,18
1,30,9
1,31,2
1,32,1
1,33,15
1,34,10
1,35,4
1,36,19
1,37,1
1,38,7
1,39,11
1,40,9
1,41,7
1,42,19
1,43,17
1,44,9
1,45,9
1,46,6
1,47,3
1,48,19
1,49,11
1,50,1
1,51,14
1,52,14
1,53,15
1,54,12
1,55,18
1,56,10
1,57,6
1,58,10
1,59,4
1,60,13
1,61,17
1,62,12
1,63,12
1,64,19
1,65,11
1,66,13
1,67,10
1,68,18
1,69,12
1,70,15
1,71,4
1,72,1
1,73,10
1,74,10
1,75,2
1,76,17
1,77,15
1,78,19
1,79,13
1,80,10
1,81,17
1,82,9
1,83,14
1,84,14
1,85,10
1,86,11
1,87,18
1,88,4
1,89,6
1,90,9
1,91,1
1,92,4
1,93,16
1,94,3
1,95,11
1,96,19
1,97,3
1,98,7
1,99,12
2,3,12
2,4,9
2,5,8
2,6,10
2,7,14
2,8,17
2,9,0
2,10,15
2,11,3
2,12,5
2,13,0
2,14,5
2,15,18
2,16,19
2,17,1
2,18,11
2,19,2
2,20,19
2,21,0
2,22,7
2,23,6
2,24,5
2,25,1
2,26,14
2,27,3
2,28,15
2,29,5
2,30,5
2,31,14
2,32,19
2,33,18
2,34,1
2,35,12
2,36,17
2,37,1
2,38,0
2,39,17
2,40,7
2,41,19
2,42,2
2,43,16
2,44,0
2,45,5
2,46,11
2,47,6
2,48,13
2,49,15
2,50,1
2,51,7
2,52,13
2,53,6
2,54,6
2,55,4
2,56,15
2,57,15
2,58,1
2,59,19
2,60,17
2,61,9
2,62,10
2,63,11
2,64,13
2,65,16
2,66,10
2,67,13
2,68,4
2,69,0
2,70,15
2,71,10
2,72,8
2,73,16
2,74,13
2,75,3
2,76,14
2,77,15
2,78,8
2,79,8
2,80,3
2,81,1
2,82,13
2,83,15
2,84,11
2,85,10
2,86,3
2,87,2
2,88,17
2,89,5
2,90,5
2,91,16
2,92,9
2,93,14
2,94,18
2,95,15
2,96,16
2,97,10
2,98,17
2,99,10
3,4,0
3,5,9
3,6,1
3,7,10
3,8,8
3,9,10
3,10,0
3,11,14
3,12,9
3,13,0
3,14,10
3,15,0
3,16,10
3,17,0
3,18,6
3,19,7
3,20,16
3,21,2
3,22,11
3,23,13
3,24,6
3,25,16
3,26,14
3,27,3
3,28,15
3,29,1
3,30,9
3,31,11
3,32,6
3,33,1
3,34,7
3,35,17
3,36,13
3,37,12
3,38,12
3,39,17
3,40,1
3,41,9
3,42,17
3,43,14
3,44,18
3,45,2
3,46,14
3,47,17
3,48,9
3,49,7
3,50,10
3,51,15
3,52,19
3,53,9
3,54,14
3,55,2
3,56,0
3,57,9
3,58,10
3,59,9
3,60,2
3,61,0
3,62,19
3,63,2
3,64,16
3,65,16
3,66,10
3,67,5
3,68,7
3,69,2
3,70,13
3,71,12
3,72,1
3,73,13
3,74,18
3,75,5
3,76,15
3,77,10
3,78,10
3,79,6
3,80,8
3,81,18
3,82,3
3,83,8
3,84,11
3,85,6
3,86,10
3,87,7
3,88,19
3,89,10
3,90,1
3,91,19
3,92,13
3,93,15
3,94,7
3,95,10
3,96,16
3,97,0
3,98,7
3,99,9
4,5,5
4,6,2
4,7,14
4,8,17
4,9,1
4,10,7
4,11,17
4,12,19
4,13,3
4,14,5
4,15,7
4,16,9
4,17,12
4,18,5
4,19,12
4,20,11
4,21,1
4,22,19
4,23,4
4,24,5
4,25,7
4,26,5
4,27,6
4,28,0
4,29,15
4,30,0
4,31,14
4,32,11
4,33,1
4,34,0
4,35,16
4,36,13
4,37,15
4,38,13
4,39,18
4,40,3
4,41,13
4,42,17
4,43,19
4,44,9
4,45,19
4,46,5
4,47,14
4,48,10
4,49,0
4,50,18
4,51,19
4,52,0
4,53,6
4,54,18
4,55,4
4,56,3
4,57,9
4,58,8
4,59,8
4,60,3
4,61,10
4,62,18
4,63,2
4,64,9
4,65,11
4,66,17
4,67,4
4,68,1
4,69,1
4,70,19
4,71,1
4,72,17
4,73,2
4,74,8
4,75,14
4,76,12
4,77,9
4,78,6
4,79,5
4,80,6
4,81,0
4,82,15
4,83,8
4,84,3
4,85,13
4,86,19
4,87,10
4,88,3
4,89,8
4,90,11
4,91,2
4,92,2
4,93,4
4,94,19
4,95,18
4,96,10
4,97,2
4,98,13
4,99,4
5,6,8
5,7,10
5,8,8
5,9,18
5,10,19
5,11,11
5,12,11
5,13,3
5,14,12
5,15,3
5,16,17
5,17,18
5,18,13
5,19,17
5,20,9
5,21,1
5,22,13
5,23,13
5,24,17
5,25,3
5,26,13
5,27,3
5,28,14
5,29,6
5,30,0
5,31,14
5,32,18
5,33,19
5,34,10
5,35,7
5,36,11
5,37,19
5,38,15
5,39,3
5,40,15
5,41,17
5,42,19
5,43,14
5,44,3
5,45,10
5,46,17
5,47,13
5,48,5
5,49,14
5,50,17
5,51,14
5,52,8
5,53,0
5,54,9
5,55,4
5,56,14
5,57,7
5,58,6
5,59,3
5,60,11
5,61,15
5,62,5
5,63,1
5,64,2
5,65,15
5,66,11
5,67,19
5,68,13
5,69,14
5,70,0
5,71,0
5,72,19
5,73,0
5,74,12
5,75,3
5,76,17
5,77,14
5,78,1
5,79,14
5,80,3
5,81,10
5,82,6
5,83,16
5,84,17
5,85,19
5,86,11
5,87,3
5,88,13
5,89,1
5,90,17
5,91,19
5,92,6
5,93,3
5,94,5
5,95,16
5,96,6
5,97,16
5,98,13
5,99,2
6,7,7
6,8,13
6,9,16
6,10,1
6,11,6
6,12,16
6,13,13
6,14,14
6,15,10
6,16,6
6,17,15
6,18,14
6,19,5
6,20,0
6,21,5
6,22,0
6,23,16
6,24,9
6,25,9
6,26,6
6,27,2
6,28,16
6,29,19
6,30,3
6,31,19
6,32,14
6,33,10
6,34,7
6,35,7
6,36,11
6,37,0
6,38,9
6,39,8
6,40,3
6,41,10
6,42,15
6,43,10
6,44,1
6,45,2
6,46,19
6,47,0
6,48,11
6,49,6
6,50,15
6,51,12
6,52,2
6,53,7
6,54,16
6,55,11
6,56,10
6,57,10
6,58,7
6,59,11
6,60,11
6,61,7
6,62,7
6,63,5
6,64,1
6,65,5
6,66,14
6,67,11
6,68,13
6,69,11
6,70,5
6,71,3
6,72,5
6,73,5
6,74,13
6,75,5
6,76,8
6,77,19
6,78,1
6,79,17
6,80,14
6,81,8
6,82,9
6,83,8
6,84,14
6,85,8
6,86,14
6,87,14
6,88,3
6,89,1
6,90,2
6,91,4
6,92,3
6,93,3
6,94,4
6,95,7
6,96,14
6,97,6
6,98,9
6,99,7
7,8,19
7,9,18
7,10,3
7,11,8
7,12,5
7,13,2
7,14,18
7,15,5
7,16,11
7,17,5
7,18,1
7,19,11
7,20,2
7,21,17
7,22,9
7,23,13
7,24,13
7,25,13
7,26,2
7,27,11
7,28,4
7,29,18
7,30,4
7,31,2
7,32,4
7,33,14
7,34,9
7,35,4
7,36,18
7,37,9
7,38,7
7,39,8
7,40,14
7,41,5
7,42,11
7,43,13
7,44,3
7,45,3
7,46,12
7,47,5
7,48,8
7,49,19
7,50,18
7,51,16
7,52,17
7,53,9
7,54,19
7,55,19
7,56,14
7,57,4
7,58,15
7,59,19
7,60,17
7,61,13
7,62,1
7,63,2
7,64,11
7,65,19
7,66,5
7,67,9
7,68,6
7,69,16
7,70,8
7,71,15
7,72,10
7,73,6
7,74,4
7,75,0
7,76,9
7,77,13
7,78,2
7,79,9
7,80,1
7,81,1
7,82,18
7,83,13
7,84,9
7,85,13
7,86,2
7,87,14
7,88,12
7,89,11
7,90,9
7,91,19
7,92,15
7,93,5
7,94,8
7,95,11
7,96,15
7,97,14
7,98,15
7,99,19
8,9,19
8,10,4
8,11,0
8,12,18
8,13,7
8,14,16
8,15,6
8,16,1
8,17,7
8,18,13
8,19,4
8,20,12
8,21,9
8,22,19
8,23,8
8,24,12
8,25,0
8,26,10
8,27,18
8,28,9
8,29,0
8,30,0
8,31,2
8,32,19
8,33,11
8,34,9
8,35,16
8,36,9
8,37,12
8,38,7
8,39,7
8,40,1
8,41,4
8,42,4
8,43,19
8,44,18
8,45,9
8,46,14
8,47,17
8,48,17
8,49,8
8,50,12
8,51,0
8,52,4
8,53,16
8,54,17
8,55,9
8,56,10
8,57,13
8,58,18
8,59,2
8,60,4
8,61,1
8,62,15
8,63,11
8,64,10
8,65,14
8,66,13
8,67,2
8,68,16
8,69,14
8,70,6
8,71,17
8,72,3
8,73,18
8,74,9
8,75,5
8,76,16
8,77,6
8,78,1
8,79,14
8,80,15
8,81,14
8,82,3
8,83,18
8,84,4
8,85,7
8,86,6
8,87,17
8,88,11
8,89,2
8,90,5
8,91,8
8,92,16
8,93,12
8,94,6
8,95,16
8,96,16
8,97,12
8,98,17
8,99,16
9,10,7
9,11,1
9,12,18
9,13,11
9,14,11
9,15,14
9,16,12
9,17,13
9,18,5
9,19,5
9,20,0
9,21,13
9,22,8
9,23,4
9,24,1
9,25,3
9,26,6
9,27,18
9,28,14
9,29,5
9,30,3
9,31,17
9,32,13
9,33,13
9,34,18
9,35,18
9,36,10
9,37,11
9,38,17
9,39,12
9,40,13
9,41,12
9,42,14
9,43,2
9,44,2
9,45,10
9,46,8
9,47,5
9,48,13
9,49,12
9,50,15
9,51,15
9,52,8
9,53,6
9,54,8
9,55,11
9,56,16
9,57,0
9,58,9
9,59,11
9,60,6
9,61,10
9,62,1
9,63,7
9,64,1
9,65,1
9,66,12
9,67,3
9,68,5
9,69,5
9,70,4
9,71,14
9,72,11
9,73,14
9,74,9
9,75,13
9,76,12
9,77,14
9,78,9
9,79,15
9,80,13
9,81,3
9,82,6
9,83,9
9,84,1
9,85,17
9,86,15
9,87,8
9,88,8
9,89,11
9,90,2
9,91,10
9,92,6
9,93,13
9,94,4
9,95,13
9,96,15
9,97,8
9,98,9
9,99,13
10,11,12
10,12,9
10,13,1
10,14,12
10,15,16
10,16,16
10,17,2
10,18,10
10,19,10
10,20,18
10,21,16
10,22,16
10,23,7
10,24,11
10,25,8
10,26,19
10,27,4
10,28,16
10,29,10
10,30,0
10,31,17
10,32,17
10,33,3
10,34,15
10,35,19
10,36,19
10,37,19
10,38,18
10,39,14
10,40,0
10,41,19
10,42,12
10,43,15
10,44,11
10,45,18
10,46,15
10,47,15
10,48,10
10,49,16
10,50,13
10,51,6
10,52,19
10,53,18
10,54,9
10,55,12
10,56,18
10,57,5
10,58,18
10,59,16
10,60,13
10,61,14
10,62,4
10,63,7
10,64,3
10,65,18
10,66,6
10,67,6
10,68,10
10,69,3
10,70,17
10,71,17
10,72,19
10,73,19
10,74,10
10,75,6
10,76,17
10,77,7
10,78,17
10,79,15
10,80,17
10,81,6
10,82,12
10,83,18
10,84,14
10,85,5
10,86,17
10,87,15
10,88,19
10,89,11
10,90,13
10,91,0
10,92,8
10,93,5
10,94,7
10,95,14
10,96,14
10,97,18
10,98,1
10,99,16
11,12,9
11,13,14
11,14,9
11,15,8
11,16,18
11,17,16
11,18,5
11,19,15
11,20,9
11,21,18
11,22,12
11,23,13
11,24,9
11,25,1
11,26,9
11,27,11
11,28,17
11,29,16
11,30,16
11,31,8
11,32,18
11,33,2
11,34,17
11,35,4
11,36,0
11,37,15
11,38,11
11,39,15
11,40,4
11,41,5
11,42,16
11,43,11
11,44,4
11,45,12
11,46,17
11,47,2
11,48,2
11,49,15
11,50,11
11,51,13
11,52,2
11,53,9
11,54,12
11,55,2
11,56,19
11,57,18
11,58,19
11,59,7
11,60,3
11,61,3
11,62,7
11,63,18
11,64,11
11,65,4
11,66,14
11,67,12
11,68,0
11,69,19
11,70,10
11,71,12
11,72,12
11,73,12
11,74,2
11,75,5
11,76,13
11,77,7
11,78,17
11,79,18
11,80,18
11,81,3
11,82,13
11,83,16
11,84,2
11,85,1
11,86,16
11,87,19
11,88,14
11,89,9
11,90,0
11,91,19
11,92,6
11,93,7
11,94,5
11,95,5
11,96,11
11,97,13
11,98,3
11,99,5
12,13,19
12,14,1
12,15,15
12,16,3
12,17,2
12,18,15
12,19,8
12,20,18
12,21,8
12,22,3
12,23,16
12,24,16
12,25,4
12,26,2
12,27,5
12,28,8
12,29,2
12,30,19
12,31,19
12,32,9
12,33,8
12,34,11
12,35,9
12,36,6
12,37,6
12,38,1
12,39,7
12,40,18
12,41,14
12,42,4
12,43,8
12,44,7
12,45,18
12,46,17
12,47,0
12,48,8
12,49,11
12,50,14
12,51,4
12,52,17
12,53,8
12,54,8
12,55,2
12,56,2
12,57,19
12,58,17
12,59,4
12,60,4
12,61,4
12,62,7
12,63,9
12,64,8
12,65,19
12,66,8
12,67,12
12,68,8
12,69,9
12,70,11
12,71,5
12,72,10
12,73,11
12,74,18
12,75,13
12,76,19
12,77,8
12,78,19
12,79,19
12,80,5
12,81,13
12,82,5
12,83,14
12,84,17
12,85,11
12,86,14
12,87,0
12,88,16
12,89,8
12,90,4
12,91,9
12,92,0
12,93,9
12,94,15
12,95,13
12,96,19
12,97,10
12,98,14
12,99,19
13,14,4
13,15,10
13,16,4
13,17,5
13,18,3
13,19,8
13,20,4
13,21,7
13,22,15
13,23,8
13,24,16
13,25,1
13,26,11
13,27,18
13,28,6
13,29,10
13,30,7
13,31,12
13,32,1
13,33,1
13,34,9
13,35,14
13,36,5
13,37,5
13,38,1
13,39,3
13,40,13
13,41,10
13,42,10
13,43,11
13,44,16
13,45,5
13,46,16
13,47,16
13,48,2
13,49,18
13,50,3
13,51,12
13,52,10
13,53,11
13,54,16
13,55,6
13,56,5
13,57,11
13,58,2
13,59,16
13,60,14
13,61,19
13,62,1
13,63,11
13,64,15
13,65,15
13,66,19
13,67,17
13,68,9
13,69,19
13,70,3
13,71,10
13,72,4
13,73,19
13,74,6
13,75,6
13,76,15
13,77,5
13,78,3
13,79,2
13,80,4
13,81,0
13,82,8
13,83,1
13,84,16
13,85,2
13,86,19
13,87,19
13,88,11
13,89,2
13,90,11
13,91,19
13,92,17
13,93,2
13,94,4
13,95,10
13,96,10
13,97,3
13,98,2
13,99,17
14,15,11
14,16,8
14,17,14
14,18,19
14,19,18
14,20,17
14,21,13
14,22,3
14,23,18
14,24,16
14,25,16
14,26,0
14,27,13
14,28,16
14,29,17
14,30,7
14,31,8
14,32,18
14,33,4
14,34,5
14,35,0
14,36,14
14,37,13
14,38,12
14,39,18
14,40,6
14,41,18
14,42,10
14,43,5
14,44,10
14,45,18
14,46,11
14,47,9
14,48,6
14,49,17
14,50,12
14,51,19
14,52,8
14,53,14
14,54,7
14,55,4
14,56,15
14,57,1
14,58,9
14,59,16
14,60,0
14,61,2
14,62,13
14,63,11
14,64,13
14,65,3
14,66,13
14,67,12
14,68,19
14,69,12
14,70,7
14,71,15
14,72,15
14,73,9
14,74,15
14,75,1
14,76,0
14,77,6
14,78,2
14,79,8
14,80,17
14,81,8
14,82,0
14,83,7
14,84,10
14,85,11
14,86,0
14,87,10
14,88,16
14,89,2
14,90,8
14,91,14
14,92,7
14,93,14
14,94,15
14,95,8
14,96,13
14,97,19
14,98,1
14,99,13
15,16,1
15,17,1
15,18,4
15,19,17
15,20,1
15,21,15
15,22,17
15,23,19
15,24,11
15,25,2
15,26,9
15,27,12
15,28,7
15,29,8
15,30,15
15,31,4
15,32,6
15,33,2
15,34,6
15,35,13
15,36,1
15,37,16
15,38,2
15,39,13
15,40,1
15,41,16
15,42,18
15,43,12
15,44,16
15,45,3
15,46,8
15,47,11
15,48,5
15,49,9
15,50,1
15,51,7
15,52,17
15,53,8
15,54,13
15,55,0
15,56,9
15,57,16
15,58,8
15,59,13
15,60,9
15,61,9
15,62,13
15,63,9
15,64,9
15,65,16
15,66,1
15,67,19
15,68,8
15,69,17
15,70,19
15,71,5
15,72,0
15,73,0
15,74,13
15,75,19
15,76,6
15,77,8
15,78,9
15,79,8
15,80,17
15,81,10
15,82,1
15,83,1
15,84,18
15,85,11
15,86,5
15,87,10
15,88,8
15,89,14
15,90,2
15,91,3
15,92,18
15,93,15
15,94,3
15,95,17
15,96,10
15,97,4
15,98,2
15,99,19
16,17,1
16,18,15
16,19,0
16,20,18
16,21,6
16,22,6
16,23,4
16,24,10
16,25,3
16,26,6
16,27,4
16,28,13
16,29,16
16,30,1
16,31,4
16,32,13
16,33,6
16,34,4
16,35,19
16,36,4
16,37,11
16,38,5
16,39,8
16,40,19
16,41,19
16,42,3
16,43,18
16,44,5
16,45,12
16,46,2
16,47,10
16,48,9
16,49,9
16,50,5
16,51,19
16,52,14
16,53,7
16,54,11
16,55,13
16,56,0
16,57,12
16,58,4
16,59,13
16,60,7
16,61,5
16,62,6
16,63,16
16,64,6
16,65,5
16,66,13
16,67,17
16,68,17
16,69,6
16,70,5
16,71,9
16,72,8
16,73,17
16,74,12
16,75,17
16,76,7
16,77,19
16,78,15
16,79,3
16,80,14
16,81,14
16,82,14
16,83,16
16,84,9
16,85,11
16,86,19
16,87,14
16,88,3
16,89,9
16,90,18
16,91,18
16,92,6
16,93,18
16,94,18
16,95,8
16,96,5
16,97,19
16,98,15
16,99,7
17,18,3
17,19,19
17,20,5
17,21,15
17,22,13
17,23,17
17,24,10
17,25,4
17,26,10
17,27,9
17,28,17
17,29,10
17,30,5
17,31,4
17,32,7
17,33,15
17,34,9
17,35,0
17,36,10
17,37,12
17,38,16
17,39,6
17,40,19
17,41,15
17,42,8
17,43,15
17,44,14
17,45,11
17,46,9
17,47,8
17,48,1
17,49,6
17,50,9
17,51,17
17,52,12
17,53,16
17,54,1
17,55,6
17,56,7
17,57,2
17,58,1
17,59,16
17,60,17
17,61,5
17,62,9
17,63,7
17,64,3
17,65,9
17,66,10
17,67,15
17,68,15
17,69,3
17,70,14
17,71,7
17,72,3
17,73,8
17,74,14
17,75,6
17,76,0
17,77,18
17,78,10
17,79,5
17,80,12
17,81,17
17,82,18
17,83,5
17,84,14
17,85,14
17,86,18
17,87,7
17,88,11
17,89,3
17,90,18
17,91,17
17,92,17
17,93,9
17,94,4
17,95,17
17,96,7
17,97,0
17,98,17
17,99,1
18,19,8
18,20,6
18,21,14
18,22,3
18,23,0
18,24,12
18,25,13
18,26,19
18,27,11
18,28,5
18,29,5
18,30,12
18,31,9
18,32,3
18,33,16
18,34,4
18,35,17
18,36,9
18,37,17
18,38,14
18,39,13
18,40,3
18,41,17
18,42,2
18,43,8
18,44,5
18,45,3
18,46,15
18,47,13
18,48,19
18,49,9
18,50,7
18,51,19
18,52,15
18,53,17
18,54,2
18,55,0
18,56,18
18,57,6
18,58,12
18,59,14
18,60,9
18,61,4
18,62,18
18,63,0
18,64,5
18,65,1
18,66,12
18,67,8
18,68,1
18,69,19
18,70,8
18,71,13
18,72,14
18,73,7
18,74,4
18,75,5
18,76,2
18,77,11
18,78,0
18,79,16
18,80,11
18,81,0
18,82,2
18,83,0
18,84,4
18,85,9
18,86,13
18,87,15
18,88,5
18,89,13
18,90,17
18,91,16
18,92,2
18,93,7
18,94,14
18,95,15
18,96,12
18,97,1
18,98,14
18,99,10
19,20,12
19,21,4
19,22,18
19,23,11
19,24,2
19,25,15
19,26,16
19,27,4
19,28,7
19,29,10
19,30,10
19,31,7
19,32,5
19,33,15
19,34,9
19,35,12
19,36,1
19,37,8
19,38,14
19,39,12
19,40,6
19,41,11
19,42,14
19,43,8
19,44,14
19,45,16
19,46,9
19,47,17
19,48,17
19,49,4
19,50,11
19,51,7
19,52,14
19,53,19
19,54,0
19,55,2
19,56,15
19,57,10
19,58,13
19,59,10
19,60,1
19,61,1
19,62,13
19,63,5
19,64,4
19,65,6
19,66,9
19,67,9
19,68,7
19,69,7
19,70,18
19,71,17
19,72,18
19,73,14
19,74,12
19,75,18
19,76,15
19,77,8
19,78,17
19,79,13
19,80,15
19,81,17
19,82,1
19,83,12
19,84,6
19,85,1
19,86,1
19,87,6
19,88,2
19,89,18
19,90,5
19,91,1
19,92,18
19,93,6
19,94,5
19,95,9
19,96,6
19,97,17
19,98,4
19,99,5
20,21,8
20,22,5
20,23,11
20,24,6
20,25,5
20,26,0
20,27,4
20,28,16
20,29,8
20,30,7
20,31,8
20,32,14
20,33,17
20,34,9
20,35,4
20,36,15
20,37,19
20,38,7
20,39,19
20,40,3
20,41,17
20,42,17
20,43,6
20,44,18
20,45,12
20,46,13
20,47,18
20,48,9
20,49,4
20,50,19
20,51,5
20,52,8
20,53,16
20,54,2
20,55,11
20,56,19
20,57,11
20,58,17
20,59,5
20,60,2
20,61,15
20,62,18
20,63,13
20,64,9
20,65,6
20,66,17
20,67,16
20,68,14
20,69,1
20,70,12
20,71,5
20,72,7
20,73,2
20,74,15
20,75,17
20,76,7
20,77,11
20,78,4
20,79,3
20,80,10
20,81,12
20,82,19
20,83,3
20,84,11
20,85,2
20,86,0
20,87,5
20,88,13
20,89,7
20,90,10
20,91,12
20,92,16
20,93,9
20,94,5
20,95,12
20,96,12
20,97,3
20,98,7
20,99,5
21,22,9
21,23,2
21,24,4
21,25,1
21,26,16
21,27,19
21,28,6
21,29,3
21,30,16
21,31,8
21,32,10
21,33,0
21,34,13
21,35,6
21,36,2
21,37,11
21,38,10
21,39,11
21,40,0
21,41,17
21,42,8
21,43,16
21,44,8
21,45,1
21,46,7
21,47,5
21,48,9
21,49,4
21,50,11
21,51,3
21,52,15
21,53,10
21,54,19
21,55,18
21,56,11
21,57,8
21,58,3
21,59,6
21,60,7
21,61,3
21,62,1
21,63,18
21,64,4
21,65,2
21,66,18
21,67,6
21,68,4
21,69,6
21,70,4
21,71,17
21,72,13
21,73,13
21,74,7
21,75,2
21,76,5
21,77,5
21,78,5
21,79,10
21,80,18
21,81,16
21,82,18
21,83,2
21,84,12
21,85,1
21,86,8
21,87,2
21,88,15
21,89,10
21,90,2
21,91,14
21,92,12
21,93,9
21,94,9
21,95,0
21,96,15
21,97,4
21,98,12
21,99,5
22,23,1
22,24,10
22,25,15
22,26,4
22,27,0
22,28,15
22,29,7
22,30,16
22,31,17
22,32,6
22,33,2
22,34,16
22,35,9
22,36,17
22,37,2
22,38,5
22,39,1
22,40,18
22,41,12
22,42,14
22,43,12
22,44,8
22,45,12
22,46,1
22,47,2
22,48,3
22,49,7
22,50,1
22,51,18
22,52,9
22,53,14
22,54,14
22,55,7
22,56,0
22,57,19
22,58,9
22,59,16
22,60,14
22,61,14
22,62,10
22,63,10
22,64,10
22,65,8
22,66,17
22,67,13
22,68,11
22,69,11
22,70,10
22,71,10
22,72,7
22,73,3
22,74,7
22,75,19
22,76,17
22,77,9
22,78,9
22,79,16
22,80,8
22,81,1
22,82,1
22,83,0
22,84,1
22,85,16
22,86,16
22,87,14
22,88,2
22,89,14
22,90,10
22,91,17
22,92,3
22,93,5
22,94,0
22,95,14
22,96,3
22,97,1
22,98,6
22,99,9
23,24,1
23,25,8
23,26,3
23,27,7
23,28,10
23,29,2
23,30,11
23,31,18
23,32,12
23,33,3
23,34,18
23,35,16
23,36,13
23,37,1
23,38,17
23,39,14
23,40,10
23,41,9
23,42,19
23,43,5
23,44,3
23,45,14
23,46,9
23,47,14
23,48,14
23,49,5
23,50,9
23,51,10
23,52,18
23,53,5
23,54,5
23,55,8
23,56,15
23,57,11
23,58,7
23,59,5
23,60,13
23,61,12
23,62,1
23,63,19
23,64,7
23,65,8
23,66,19
23,67,16
23,68,10
23,69,11
23,70,12
23,71,18
23,72,13
23,73,7
23,74,3
23,75,14
23,76,0
23,77,8
23,78,11
23,79,5
23,80,13
23,81,7
23,82,10
23,83,5
23,84,16
23,85,8
23,86,13
23,87,12
23,88,13
23,89,15
23,90,18
23,91,7
23,92,15
23,93,12
23,94,10
23,95,6
23,96,4
23,97,10
23,98,6
23,99,0
24,25,10
24,26,9
24,27,0
24,28,7
24,29,11
24,30,9
24,31,19
24,32,12
24,33,10
24,34,5
24,35,18
24,36,0
24,37,3
24,38,16
24,39,4
24,40,19
24,41,17
24,42,14
24,43,16
24,44,7
24,45,17
24,46,3
24,47,17
24,48,12
24,49,7
24,50,15
24,51,1
24,52,11
24,53,12
24,54,12
24,55,4
24,56,8
24,57,6
24,58,16
24,59,10
24,60,10
24,61,16
24,62,19
24,63,7
24,64,7
24,65,2
24,66,3
24,67,6
24,68,14
24,69,6
24,70,16
24,71,8
24,72,19
24,73,6
24,74,3
24,75,11
24,76,6
24,77,0
24,78,17
24,79,11
24,80,15
24,81,14
24,82,12
24,83,16
24,84,14
24,85,8
24,86,5
24,87,9
24,88,7
24,89,10
24,90,17
24,91,16
24,92,15
24,93,7
24,94,8
24,95,3
24,96,17
24,97,2
24,98,17
24,99,9
25,26,13
25,27,12
25,28,1
25,29,9
25,30,12
25,31,16
25,32,16
25,33,13
25,34,13
25,35,0
25,36,11
25,37,3
25,38,5
25,39,2
25,40,3
25,41,15
25,42,12
25,43,17
25,44,12
25,45,6
25,46,7
25,47,10
25,48,15
25,49,4
25,50,15
25,51,15
25,52,0
25,53,6
25,54,8
25,55,10
25,56,13
25,57,19
25,58,1
25,59,7
25,60,13
25,61,12
25,62,11
25,63,2
25,64,11
25,65,3
25,66,5
25,67,17
25,68,16
25,69,5
25,70,16
25,71,1
25,72,16
25,73,4
25,74,11
25,75,7
25,76,3
25,77,17
25,78,11
25,79,10
25,80,3
25,81,16
25,82,4
25,83,1
25,84,5
25,85,12
25,86,5
25,87,9
25,88,0
25,89,2
25,90,7
25,91,16
25,92,1
25,93,17
25,94,11
25,95,19
25,96,15
25,97,19
25,98,9
25,99,18
26,27,16
26,28,15
26,29,9
26,30,17
26,31,13
26,32,10
26,33,4
26,34,14
26,35,4
26,36,18
26,37,16
26,38,9
26,39,14
26,40,17
26,41,4
26,42,19
26,43,15
26,44,14
26,45,1
26,46,6
26,47,11
26,48,12
26,49,4
26,50,2
26,51,7
26,52,3
26,53,1
26,54,14
26,55,3
26,56,16
26,57,18
26,58,1
26,59,5
26,60,9
26,61,10
26,62,0
26,63,17
26,64,10
26,65,19
26,66,18
26,67,5
26,68,10
26,69,17
26,70,12
26,71,8
26,72,7
26,73,19
26,74,16
26,75,7
26,76,16
26,77,5
26,78,1
26,79,8
26,80,0
26,81,8
26,82,2
26,83,18
26,84,8
26,85,2
26,86,10
26,87,9
26,88,10
26,89,11
26,90,5
26,91,19
26,92,19
26,93,16
26,94,9
26,95,15
26,96,9
26,97,5
26,98,19
26,99,12
27,28,3
27,29,19
27,30,19
27,31,6
27,32,3
27,33,6
27,34,9
27,35,12
27,36,18
27,37,11
27,38,3
27,39,1
27,40,12
27,41,0
27,42,16
27,43,12
27,44,3
27,45,19
27,46,6
27,47,1
27,48,4
27,49,18
27,50,13
27,51,19
27,52,0
27,53,17
27,54,16
27,55,2
27,56,3
27,57,8
27,58,14
27,59,0
27,60,12
27,61,7
27,62,6
27,63,14
27,64,18
27,65,17
27,66,5
27,67,3
27,68,12
27,69,2
27,70,9
27,71,17
27,72,3
27,73,9
27,74,6
27,75,8
27,76,18
27,77,15
27,78,7
27,79,7
27,80,1
27,81,5
27,82,16
27,83,19
27,84,19
27,85,12
27,86,16
27,87,12
27,88,7
27,89,13
27,90,0
27,91,8
27,92,19
27,93,17
27,94,7
27,95,5
27,96,10
27,97,13
27,98,14
27,99,18
28,29,0
28,30,19
28,31,4
28,32,8
28,33,11
28,34,0
28,35,6
28,36,6
28,37,2
28,38,1
28,39,8
28,40,5
28,41,10
28,42,18
28,43,0
28,44,11
28,45,2
28,46,7
28,47,18
28,48,12
28,49,6
28,50,15
28,51,10
28,52,17
28,53,11
28,54,16
28,55,4
28,56,17
28,57,8
28,58,12
28,59,5
28,60,5
28,61,16
28,62,7
28,63,7
28,64,6
28,65,12
28,66,5
28,67,6
28,68,9
28,69,15
28,70,15
28,71,7
28,72,14
28,73,9
28,74,11
28,75,1
28,76,1
28,77,4
28,78,8
28,79,19
28,80,19
28,81,19
28,82,5
28,83,16
28,84,10
28,85,18
28,86,7
28,87,7
28,88,3
28,89,1
28,90,3
28,91,4
28,92,11
28,93,10
28,94,12
28,95,19
28,96,3
28,97,18
28,98,8
28,99,5
29,30,7
29,31,7
29,32,12
29,33,17
29,34,6
29,35,15
29,36,19
29,37,5
29,38,15
29,39,19
29,40,2
29,41,12
29,42,4
29,43,7
29,44,7
29,45,3
29,46,3
29,47,7
29,48,8
29,49,12
29,50,4
29,51,7
29,52,6
29,53,9
29,54,10
29,55,11
29,56,13
29,57,13
29,58,16
29,59,8
29,60,4
29,61,4
29,62,18
29,63,10
29,64,0
29,65,17
29,66,11
29,67,15
29,68,0
29,69,9
29,70,14
29,71,2
29,72,1
29,73,12
29,74,15
29,75,19
29,76,16
29,77,8
29,78,8
29,79,19
29,80,16
29,81,0
29,82,1
29,83,7
29,84,9
29,85,15
29,86,5
29,87,0
29,88,2
29,89,12
29,90,17
29,91,10
29,92,16
29,93,1
29,94,4
29,95,15
29,96,14
29,97,10
29,98,4
29,99,11
30,31,11
30,32,3
30,33,7
30,34,9
30,35,7
30,36,2
30,37,0
30,38,10
30,39,7
30,40,14
30,41,2
30,42,13
30,43,16
30,44,18
30,45,10
30,46,19
30,47,2
30,48,16
30,49,1
30,50,11
30,51,8
30,52,1
30,53,3
30,54,5
30,55,4
30,56,19
30,57,17
30,58,17
30,59,0
30,60,15
30,61,8
30,62,2
30,63,2
30,64,17
30,65,9
30,66,6
30,67,16
30,68,0
30,69,15
30,70,7
30,71,0
30,72,2
30,73,1
30,74,19
30,75,7
30,76,1
30,77,11
30,78,13
30,79,2
30,80,13
30,81,15
30,82,16
30,83,0
30,84,1
30,85,2
30,86,1
30,87,7
30,88,7
30,89,11
30,90,16
30,91,16
30,92,6
30,93,5
30,94,0
30,95,8
30,96,15
30,97,14
30,98,5
30,99,8
31,32,3
31,33,11
31,34,1
31,35,5
31,36,4
31,37,7
31,38,10
31,39,12
31,40,5
31,41,12
31,42,11
31,43,3
31,44,4
31,45,19
31,46,13
31,47,4
31,48,10
31,49,6
31,50,9
31,51,18
31,52,6
31,53,12
31,54,0
31,55,3
31,56,7
31,57,5
31,58,16
31,59,7
31,60,12
31,61,18
31,62,14
31,63,14
31,64,1
31,65,16
31,66,19
31,67,19
31,68,12
31,69,16
31,70,11
31,71,0
31,72,19
31,73,15
31,74,9
31,75,14
31,76,17
31,77,1
31,78,7
31,79,16
31,80,14
31,81,6
31,82,19
31,83,19
31,84,14
31,85,8
31,86,0
31,87,19
31,88,8
31,89,0
31,90,10
31,91,10
31,92,1
31,93,11
31,94,13
31,95,7
31,96,4
31,97,9
31,98,19
31,99,9
32,33,3
32,34,3
32,35,12
32,36,8
32,37,18
32,38,0
32,39,6
32,40,1
32,41,16
32,42,4
32,43,4
32,44,19
32,45,19
32,46,16
32,47,5
32,48,12
32,49,13
32,50,5
32,51,11
32,52,1
32,53,0
32,54,13
32,55,13
32,56,18
32,57,3
32,58,14
32,59,14
32,60,3
32,61,11
32,62,8
32,63,15
32,64,12
32,65,14
32,66,10
32,67,9
32,68,8
32,69,11
32,70,15
32,71,15
32,72,0
32,73,2
32,74,3
32,75,9
32,76,16
32,77,13
32,78,16
32,79,3
32,80,19
32,81,9
32,82,5
32,83,6
32,84,5
32,85,12
32,86,4
32,87,14
32,88,17
32,89,6
32,90,9
32,91,4
32,92,11
32,93,17
32,94,5
32,95,9
32,96,19
32,97,4
32,98,10
32,99,2
33,34,2
33,35,8
33,36,6
33,37,9
33,38,1
33,39,5
33,40,14
33,41,9
33,42,5
33,43,18
33,44,6
33,45,19
33,46,9
33,47,1
33,48,5
33,49,2
33,50,5
33,51,18
33,52,17
33,53,18
33,54,10
33,55,4
33,56,4
33,57,19
33,58,7
33,59,8
33,60,13
33,61,2
33,62,11
33,63,6
33,64,11
33,65,18
33,66,2
33,67,6
33,68,3
33,69,1
33,70,5
33,71,6
33,72,3
33,73,5
33,74,7
33,75,4
33,76,3
33,77,3
33,78,10
33,79,13
33,80,12
33,81,6
33,82,6
33,83,19
33,84,18
33,85,2
33,86,0
33,87,8
33,88,0
33,89,16
33,90,1
33,91,4
33,92,8
33,93,17
33,94,18
33,95,18
33,96,10
33,97,1
33,98,12
33,99,4
34,35,7
34,36,1
34,37,1
34,38,8
34,39,19
34,40,1
34,41,0
34,42,0
34,43,5
34,44,19
34,45,11
34,46,12
34,47,5
34,48,11
34,49,6
34,50,6
34,51,17
34,52,11
34,53,9
34,54,3
34,55,7
34,56,1
34,57,9
34,58,10
34,59,19
34,60,2
34,61,17
34,62,8
34,63,8
34,64,14
34,65,3
34,66,13
34,67,4
34,68,15
34,69,17
34,70,9
34,71,12
34,72,0
34,73,6
34,74,10
34,75,10
34,76,10
34,77,11
34,78,19
34,79,18
34,80,18
34,81,8
34,82,0
34,83,17
34,84,4
34,85,15
34,86,0
34,87,3
34,88,12
34,89,8
34,90,9
34,91,8
34,92,6
34,93,9
34,94,15
34,95,12
34,96,0
34,97,7
34,98,3
34,99,13
35,36,2
35,37,2
35,38,19
35,39,13
35,40,3
35,41,12
35,42,15
35,43,4
35,44,2
35,45,1
35,46,16
35,47,6
35,48,18
35,49,13
35,50,8
35,51,8
35,52,2
35,53,13
35,54,16
35,55,17
35,56,15
35,57,16
35,58,4
35,59,14
35,60,13
35,61,18
35,62,1
35,63,16
35,64,6
35,65,0
35,66,2
35,67,8
35,68,0
35,69,11
35,70,19
35,71,13
35,72,1
35,73,16
35,74,6
35,75,19
35,76,14
35,77,15
35,78,1
35,79,13
35,80,19
35,81,1
35,82,4
35,83,12
35,84,11
35,85,14
35,86,7
35,87,14
35,88,16
35,89,16
35,90,10
35,91,3
35,92,8
35,93,19
35,94,1
35,95,5
35,96,6
35,97,18
35,98,3
35,99,17
36,37,7
36,38,10
36,39,17
36,40,0
36,41,17
36,42,1
36,43,2
36,44,15
36,45,10
36,46,7
36,47,11
36,48,10
36,49,10
36,50,8
36,51,11
36,52,16
36,53,19
36,54,16
36,55,13
36,56,10
36,57,7
36,58,6
36,59,19
36,60,14
36,61,8
36,62,10
36,63,4
36,64,5
36,65,7
36,66,1
36,67,10
36,68,11
36,69,6
36,70,15
36,71,4
36,72,19
36,73,8
36,74,5
36,75,1
36,76,18
36,77,8
36,78,1
36,79,2
36,80,9
36,81,4
36,82,5
36,83,8
36,84,9
36,85,17
36,86,10
36,87,10
36,88,16
36,89,7
36,90,7
36,91,3
36,92,10
36,93,14
36,94,19
36,95,6
36,96,13
36,97,11
36,98,2
36,99,11
37,38,8
37,39,18
37,40,11
37,41,0
37,42,13
37,43,8
37,44,16
37,45,19
37,46,20
37,47,4
37,48,0
37,49,2
37,50,2
37,51,13
37,52,10
37,53,5
37,54,12
37,55,14
37,56,8
37,57,17
37,58,8
37,59,10
37,60,11
37,61,13
37,62,9
37,63,14
37,64,9
37,65,9
37,66,19
37,67,7
37,68,9
37,69,13
37,70,13
37,71,2
37,72,3
37,73,17
37,74,13
37,75,7
37,76,8
37,77,4
37,78,7
37,79,4
37,80,6
37,81,14
37,82,10
37,83,2
37,84,0
37,85,9
37,86,12
37,87,15
37,88,14
37,89,5
37,90,2
37,91,13
37,92,1
37,93,7
37,94,18
37,95,2
37,96,15
37,97,17
37,98,1
37,99,7
38,39,13
38,40,14
38,41,7
38,42,3
38,43,19
38,44,0
38,45,3
38,46,16
38,47,13
38,48,9
38,49,0
38,50,9
38,51,9
38,52,13
38,53,3
38,54,17
38,55,5
38,56,16
38,57,18
38,58,18
38,59,5
38,60,14
38,61,19
38,62,9
38,63,0
38,64,13
38,65,11
38,66,15
38,67,6
38,68,10
38,69,5
38,70,12
38,71,10
38,72,10
38,73,17
38,74,14
38,75,7
38,76,6
38,77,6
38,78,11
38,79,7
38,80,9
38,81,0
38,82,10
38,83,3
38,84,17
38,85,8
38,86,7
38,87,19
38,88,16
38,89,17
38,90,13
38,91,6
38,92,0
38,93,1
38,94,3
38,95,13
38,96,6
38,97,1
38,98,15
38,99,11
39,40,4
39,41,7
39,42,7
39,43,14
39,44,13
39,45,1
39,46,18
39,47,9
39,48,13
39,49,0
39,50,9
39,51,11
39,52,14
39,53,7
39,54,1
39,55,10
39,56,1
39,57,13
39,58,3
39,59,1
39,60,18
39,61,13
39,62,10
39,63,2
39,64,16
39,65,7
39,66,3
39,67,14
39,68,17
39,69,7
39,70,10
39,71,17
39,72,2
39,73,7
39,74,8
39,75,12
39,76,8
39,77,9
39,78,3
39,79,17
39,80,11
39,81,14
39,82,12
39,83,19
39,84,10
39,85,9
39,86,5
39,87,0
39,88,3
39,89,15
39,90,14
39,91,0
39,92,5
39,93,7
39,94,6
39,95,2
39,96,1
39,97,3
39,98,4
39,99,13
40,41,14
40,42,5
40,43,16
40,44,7
40,45,13
40,46,19
40,47,9
40,48,9
40,49,18
40,50,8
40,51,2
40,52,14
40,53,4
40,54,0
40,55,2
40,56,17
40,57,19
40,58,15
40,59,18
40,60,16
40,61,10
40,62,14
40,63,11
40,64,15
40,65,13
40,66,19
40,67,8
40,68,19
40,69,8
40,70,16
40,71,0
40,72,3
40,73,3
40,74,10
40,75,11
40,76,16
40,77,17
40,78,0
40,79,16
40,80,4
40,81,14
40,82,12
40,83,16
40,84,7
40,85,14
40,86,8
40,87,1
40,88,10
40,89,13
40,90,17
40,91,15
40,92,6
40,93,16
40,94,19
40,95,0
40,96,5
40,97,2
40,98,6
40,99,1
41,42,11
41,43,0
41,44,0
41,45,6
41,46,5
41,47,8
41,48,5
41,49,18
41,50,2
41,51,0
41,52,1
41,53,2
41,54,2
41,55,7
41,56,12
41,57,14
41,58,8
41,59,8
41,60,19
41,61,14
41,62,12
41,63,18
41,64,7
41,65,13
41,66,17
41,67,7
41,68,14
41,69,7
41,70,18
41,71,3
41,72,5
41,73,11
41,74,12
41,75,7
41,76,11
41,77,0
41,78,7
41,79,19
41,80,15
41,81,8
41,82,10
41,83,10
41,84,14
41,85,1
41,86,10
41,87,4
41,88,9
41,89,0
41,90,4
41,91,13
41,92,10
41,93,15
41,94,2
41,95,9
41,96,4
41,97,2
41,98,5
41,99,19
42,43,17
42,44,4
42,45,10
42,46,13
42,47,11
42,48,16
42,49,13
42,50,12
42,51,10
42,52,15
42,53,4
42,54,18
42,55,11
42,56,16
42,57,9
42,58,16
42,59,13
42,60,12
42,61,16
42,62,16
42,63,11
42,64,11
42,65,9
42,66,12
42,67,0
42,68,16
42,69,6
42,70,3
42,71,4
42,72,0
42,73,9
42,74,6
42,75,13
42,76,3
42,77,18
42,78,7
42,79,8
42,80,16
42,81,2
42,82,9
42,83,11
42,84,16
42,85,14
42,86,2
42,87,7
42,88,5
42,89,13
42,90,2
42,91,7
42,92,19
42,93,0
42,94,3
42,95,6
42,96,15
42,97,3
42,98,18
42,99,17
43,44,11
43,45,8
43,46,11
43,47,0
43,48,9
43,49,15
43,50,16
43,51,3
43,52,12
43,53,6
43,54,5
43,55,15
43,56,2
43,57,11
43,58,4
43,59,4
43,60,2
43,61,12
43,62,13
43,63,8
43,64,4
43,65,16
43,66,5
43,67,8
43,68,3
43,69,15
43,70,12
43,71,0
43,72,5
43,73,9
43,74,13
43,75,18
43,76,17
43,77,14
43,78,19
43,79,2
43,80,0
43,81,14
43,82,5
43,83,12
43,84,4
43,85,19
43,86,17
43,87,1
43,88,15
43,89,4
43,90,9
43,91,8
43,92,16
43,93,16
43,94,11
43,95,6
43,96,19
43,97,5
43,98,18
43,99,15
44,45,12
44,46,13
44,47,13
44,48,9
44,49,18
44,50,4
44,51,8
44,52,17
44,53,6
44,54,9
44,55,13
44,56,13
44,57,11
44,58,6
44,59,2
44,60,17
44,61,9
44,62,18
44,63,19
44,64,17
44,65,3
44,66,0
44,67,7
44,68,0
44,69,8
44,70,15
44,71,7
44,72,18
44,73,3
44,74,8
44,75,18
44,76,7
44,77,14
44,78,13
44,79,8
44,80,12
44,81,15
44,82,14
44,83,17
44,84,11
44,85,7
44,86,11
44,87,1
44,88,5
44,89,18
44,90,19
44,91,12
44,92,12
44,93,18
44,94,6
44,95,12
44,96,5
44,97,18
44,98,16
44,99,1
45,46,2
45,47,17
45,48,3
45,49,15
45,50,11
45,51,5
45,52,3
45,53,6
45,54,10
45,55,10
45,56,8
45,57,6
45,58,16
45,59,18
45,60,4
45,61,1
45,62,8
45,63,2
45,64,19
45,65,12
45,66,3
45,67,17
45,68,6
45,69,5
45,70,14
45,71,11
45,72,7
45,73,13
45,74,1
45,75,4
45,76,17
45,77,2
45,78,8
45,79,4
45,80,11
45,81,0
45,82,0
45,83,12
45,84,1
45,85,10
45,86,9
45,87,15
45,88,7
45,89,0
45,90,16
45,91,7
45,92,3
45,93,11
45,94,15
45,95,15
45,96,4
45,97,11
45,98,9
45,99,18
46,47,1
46,48,11
46,49,19
46,50,0
46,51,10
46,52,16
46,53,16
46,54,8
46,55,10
46,56,15
46,57,3
46,58,5
46,59,8
46,60,17
46,61,8
46,62,5
46,63,2
46,64,9
46,65,2
46,66,11
46,67,3
46,68,10
46,69,10
46,70,14
46,71,19
46,72,6
46,73,16
46,74,18
46,75,18
46,76,14
46,77,5
46,78,0
46,79,18
46,80,18
46,81,14
46,82,6
46,83,17
46,84,11
46,85,12
46,86,12
46,87,11
46,88,1
46,89,18
46,90,5
46,91,3
46,92,8
46,93,14
46,94,1
46,95,7
46,96,5
46,97,11
46,98,4
46,99,13
47,48,2
47,49,1
47,50,19
47,51,8
47,52,9
47,53,9
47,54,1
47,55,6
47,56,3
47,57,19
47,58,11
47,59,2
47,60,16
47,61,6
47,62,4
47,63,19
47,64,12
47,65,3
47,66,16
47,67,12
47,68,12
47,69,7
47,70,6
47,71,9
47,72,9
47,73,6
47,74,13
47,75,3
47,76,10
47,77,19
47,78,9
47,79,10
47,80,7
47,81,9
47,82,7
47,83,15
47,84,8
47,85,3
47,86,18
47,87,2
47,88,18
47,89,2
47,90,5
47,91,13
47,92,0
47,93,7
47,94,5
47,95,11
47,96,10
47,97,11
47,98,1
47,99,4
48,49,1
48,50,0
48,51,18
48,52,15
48,53,11
48,54,14
48,55,3
48,56,9
48,57,11
48,58,3
48,59,1
48,60,0
48,61,11
48,62,13
48,63,19
48,64,14
48,65,14
48,66,13
48,67,9
48,68,6
48,69,15
48,70,7
48,71,3
48,72,18
48,73,5
48,74,11
48,75,12
48,76,10
48,77,3
48,78,8
48,79,5
48,80,10
48,81,11
48,82,1
48,83,1
48,84,6
48,85,0
48,86,1
48,87,6
48,88,19
48,89,15
48,90,3
48,91,13
48,92,9
48,93,12
48,94,19
48,95,16
48,96,3
48,97,0
48,98,13
48,99,6
49,50,6
49,51,3
49,52,14
49,53,12
49,54,13
49,55,7
49,56,10
49,57,16
49,58,14
49,59,11
49,60,2
49,61,15
49,62,9
49,63,4
49,64,6
49,65,1
49,66,5
49,67,8
49,68,0
49,69,9
49,70,14
49,71,11
49,72,8
49,73,0
49,74,10
49,75,5
49,76,5
49,77,5
49,78,3
49,79,10
49,80,13
49,81,5
49,82,3
49,83,1
49,84,8
49,85,5
49,86,9
49,87,17
49,88,8
49,89,8
49,90,18
49,91,18
49,92,3
49,93,14
49,94,9
49,95,18
49,96,3
49,97,14
49,98,19
49,99,4
50,51,4
50,52,7
50,53,18
50,54,2
50,55,1
50,56,19
50,57,14
50,58,2
50,59,13
50,60,14
50,61,19
50,62,18
50,63,12
50,64,0
50,65,4
50,66,4
50,67,12
50,68,10
50,69,0
50,70,9
50,71,3
50,72,12
50,73,1
50,74,16
50,75,6
50,76,14
50,77,14
50,78,10
50,79,11
50,80,18
50,81,0
50,82,2
50,83,10
50,84,1
50,85,6
50,86,19
50,87,9
50,88,1
50,89,15
50,90,0
50,91,7
50,92,11
50,93,14
50,94,3
50,95,7
50,96,19
50,97,0
50,98,7
50,99,18
51,52,1
51,53,15
51,54,9
51,55,14
51,56,7
51,57,18
51,58,15
51,59,14
51,60,12
51,61,13
51,62,17
51,63,13
51,64,4
51,65,2
51,66,1
51,67,3
51,68,7
51,69,7
51,70,19
51,71,8
51,72,4
51,73,7
51,74,17
51,75,4
51,76,5
51,77,11
51,78,17
51,79,19
51,80,7
51,81,9
51,82,4
51,83,3
51,84,3
51,85,6
51,86,5
51,87,19
51,88,16
51,89,7
51,90,3
51,91,14
51,92,17
51,93,0
51,94,5
51,95,17
51,96,10
51,97,2
51,98,6
51,99,16
52,53,19
52,54,8
52,55,17
52,56,14
52,57,19
52,58,6
52,59,9
52,60,2
52,61,11
52,62,15
52,63,4
52,64,19
52,65,18
52,66,19
52,67,15
52,68,12
52,69,15
52,70,13
52,71,12
52,72,0
52,73,6
52,74,9
52,75,13
52,76,4
52,77,16
52,78,8
52,79,12
52,80,8
52,81,17
52,82,3
52,83,3
52,84,2
52,85,2
52,86,7
52,87,7
52,88,8
52,89,15
52,90,8
52,91,18
52,92,19
52,93,15
52,94,2
52,95,16
52,96,3
52,97,6
52,98,5
52,99,17
53,54,17
53,55,7
53,56,13
53,57,12
53,58,3
53,59,16
53,60,8
53,61,3
53,62,7
53,63,14
53,64,9
53,65,6
53,66,12
53,67,14
53,68,5
53,69,17
53,70,4
53,71,19
53,72,10
53,73,14
53,74,17
53,75,2
53,76,13
53,77,8
53,78,1
53,79,16
53,80,6
53,81,4
53,82,16
53,83,1
53,84,11
53,85,19
53,86,18
53,87,2
53,88,14
53,89,5
53,90,13
53,91,5
53,92,19
53,93,1
53,94,2
53,95,9
53,96,9
53,97,4
53,98,8
53,99,15
54,55,19
54,56,14
54,57,15
54,58,0
54,59,8
54,60,10
54,61,15
54,62,1
54,63,14
54,64,19
54,65,14
54,66,17
54,67,12
54,68,13
54,69,13
54,70,15
54,71,10
54,72,5
54,73,16
54,74,15
54,75,13
54,76,3
54,77,11
54,78,12
54,79,14
54,80,6
54,81,17
54,82,12
54,83,2
54,84,15
54,85,0
54,86,2
54,87,4
54,88,4
54,89,7
54,90,13
54,91,13
54,92,11
54,93,6
54,94,10
54,95,13
54,96,0
54,97,10
54,98,11
54,99,5
55,56,7
55,57,13
55,58,0
55,59,6
55,60,15
55,61,1
55,62,11
55,63,19
55,64,9
55,65,13
55,66,17
55,67,10
55,68,0
55,69,3
55,70,4
55,71,1
55,72,4
55,73,6
55,74,1
55,75,10
55,76,16
55,77,3
55,78,10
55,79,18
55,80,16
55,81,9
55,82,7
55,83,3
55,84,7
55,85,14
55,86,5
55,87,1
55,88,0
55,89,0
55,90,1
55,91,1
55,92,12
55,93,16
55,94,16
55,95,11
55,96,17
55,97,1
55,98,8
55,99,6
56,57,12
56,58,11
56,59,12
56,60,3
56,61,13
56,62,2
56,63,7
56,64,7
56,65,8
56,66,13
56,67,3
56,68,10
56,69,0
56,70,11
56,71,6
56,72,17
56,73,1
56,74,8
56,75,9
56,76,4
56,77,18
56,78,2
56,79,19
56,80,13
56,81,7
56,82,2
56,83,5
56,84,16
56,85,8
56,86,12
56,87,10
56,88,9
56,89,8
56,90,12
56,91,2
56,92,17
56,93,11
56,94,17
56,95,2
56,96,8
56,97,4
56,98,13
56,99,4
57,58,6
57,59,8
57,60,14
57,61,18
57,62,0
57,63,3
57,64,19
57,65,3
57,66,1
57,67,13
57,68,18
57,69,9
57,70,1
57,71,10
57,72,11
57,73,5
57,74,18
57,75,9
57,76,4
57,77,14
57,78,16
57,79,14
57,80,15
57,81,7
57,82,9
57,83,7
57,84,2
57,85,1
57,86,16
57,87,19
57,88,5
57,89,1
57,90,16
57,91,0
57,92,5
57,93,13
57,94,7
57,95,12
57,96,4
57,97,4
57,98,7
57,99,2
58,59,1
58,60,8
58,61,1
58,62,13
58,63,15
58,64,8
58,65,13
58,66,11
58,67,12
58,68,17
58,69,8
58,70,4
58,71,8
58,72,9
58,73,1
58,74,16
58,75,14
58,76,7
58,77,15
58,78,9
58,79,10
58,80,1
58,81,6
58,82,13
58,83,0
58,84,7
58,85,13
58,86,11
58,87,16
58,88,11
58,89,0
58,90,4
58,91,14
58,92,5
58,93,14
58,94,13
58,95,16
58,96,17
58,97,5
58,98,12
58,99,0
59,60,14
59,61,8
59,62,5
59,63,14
59,64,16
59,65,6
59,66,15
59,67,14
59,68,6
59,69,8
59,70,16
59,71,13
59,72,11
59,73,3
59,74,14
59,75,1
59,76,2
59,77,11
59,78,0
59,79,3
59,80,3
59,81,2
59,82,15
59,83,19
59,84,8
59,85,6
59,86,10
59,87,6
59,88,17
59,89,12
59,90,9
59,91,15
59,92,12
59,93,8
59,94,18
59,95,0
59,96,0
59,97,19
59,98,3
59,99,15
60,61,18
60,62,6
60,63,6
60,64,5
60,65,2
60,66,10
60,67,2
60,68,4
60,69,11
60,70,0
60,71,7
60,72,0
60,73,1
60,74,19
60,75,7
60,76,7
60,77,7
60,78,17
60,79,13
60,80,16
60,81,11
60,82,2
60,83,10
60,84,19
60,85,5
60,86,15
60,87,15
60,88,6
60,89,12
60,90,7
60,91,10
60,92,2
60,93,14
60,94,18
60,95,7
60,96,5
60,97,16
60,98,4
60,99,5
61,62,2
61,63,4
61,64,14
61,65,5
61,66,19
61,67,10
61,68,6
61,69,1
61,70,18
61,71,12
61,72,15
61,73,16
61,74,5
61,75,18
61,76,16
61,77,6
61,78,9
61,79,8
61,80,13
61,81,8
61,82,9
61,83,13
61,84,17
61,85,5
61,86,14
61,87,15
61,88,19
61,89,0
61,90,17
61,91,6
61,92,3
61,93,17
61,94,14
61,95,16
61,96,10
61,97,17
61,98,6
61,99,16
62,63,15
62,64,9
62,65,13
62,66,19
62,67,1
62,68,1
62,69,3
62,70,14
62,71,12
62,72,2
62,73,18
62,74,14
62,75,17
62,76,15
62,77,7
62,78,10
62,79,17
62,80,0
62,81,9
62,82,3
62,83,16
62,84,1
62,85,5
62,86,6
62,87,11
62,88,1
62,89,6
62,90,7
62,91,2
62,92,8
62,93,15
62,94,18
62,95,2
62,96,15
62,97,16
62,98,1
62,99,2
63,64,10
63,65,12
63,66,0
63,67,2
63,68,1
63,69,8
63,70,14
63,71,8
63,72,2
63,73,11
63,74,5
63,75,3
63,76,9
63,77,6
63,78,1
63,79,19
63,80,9
63,81,13
63,82,10
63,83,7
63,84,0
63,85,15
63,86,13
63,87,0
63,88,15
63,89,4
63,90,8
63,91,3
63,92,0
63,93,14
63,94,2
63,95,12
63,96,11
63,97,7
63,98,18
63,99,19
64,65,4
64,66,0
64,67,8
64,68,8
64,69,2
64,70,0
64,71,15
64,72,9
64,73,18
64,74,5
64,75,11
64,76,3
64,77,4
64,78,13
64,79,11
64,80,1
64,81,8
64,82,11
64,83,4
64,84,14
64,85,15
64,86,16
64,87,12
64,88,5
64,89,7
64,90,19
64,91,7
64,92,1
64,93,6
64,94,16
64,95,14
64,96,7
64,97,9
64,98,10
64,99,18
65,66,3
65,67,6
65,68,0
65,69,10
65,70,5
65,71,2
65,72,4
65,73,17
65,74,2
65,75,8
65,76,15
65,77,14
65,78,17
65,79,17
65,80,14
65,81,18
65,82,8
65,83,2
65,84,11
65,85,1
65,86,16
65,87,16
65,88,12
65,89,8
65,90,4
65,91,15
65,92,0
65,93,9
65,94,11
65,95,4
65,96,18
65,97,4
65,98,4
65,99,17
66,67,16
66,68,2
66,69,15
66,70,5
66,71,4
66,72,8
66,73,0
66,74,10
66,75,9
66,76,3
66,77,17
66,78,1
66,79,17
66,80,11
66,81,17
66,82,11
66,83,16
66,84,0
66,85,1
66,86,6
66,87,8
66,88,17
66,89,12
66,90,1
66,91,3
66,92,6
66,93,7
66,94,18
66,95,8
66,96,14
66,97,7
66,98,0
66,99,18
67,68,16
67,69,15
67,70,1
67,71,0
67,72,9
67,73,13
67,74,8
67,75,4
67,76,9
67,77,1
67,78,12
67,79,6
67,80,11
67,81,17
67,82,6
67,83,0
67,84,2
67,85,5
67,86,10
67,87,3
67,88,9
67,89,19
67,90,3
67,91,12
67,92,8
67,93,5
67,94,16
67,95,15
67,96,19
67,97,19
67,98,18
67,99,7
68,69,17
68,70,6
68,71,0
68,72,17
68,73,11
68,74,12
68,75,5
68,76,18
68,77,8
68,78,2
68,79,0
68,80,12
68,81,16
68,82,17
68,83,11
68,84,10
68,85,3
68,86,17
68,87,17
68,88,10
68,89,16
68,90,15
68,91,15
68,92,13
68,93,7
68,94,4
68,95,4
68,96,9
68,97,14
68,98,19
68,99,2
69,70,9
69,71,16
69,72,10
69,73,16
69,74,16
69,75,9
69,76,5
69,77,12
69,78,15
69,79,12
69,80,14
69,81,17
69,82,16
69,83,12
69,84,19
69,85,19
69,86,9
69,87,17
69,88,7
69,89,11
69,90,2
69,91,4
69,92,1
69,93,12
69,94,0
69,95,16
69,96,9
69,97,14
69,98,18
69,99,19
70,71,6
70,72,7
70,73,2
70,74,3
70,75,13
70,76,17
70,77,5
70,78,4
70,79,8
70,80,4
70,81,6
70,82,15
70,83,10
70,84,12
70,85,8
70,86,3
70,87,14
70,88,9
70,89,1
70,90,9
70,91,5
70,92,6
70,93,12
70,94,9
70,95,8
70,96,15
70,97,7
70,98,4
70,99,0
71,72,1
71,73,18
71,74,1
71,75,0
71,76,1
71,77,2
71,78,3
71,79,12
71,80,1
71,81,19
71,82,2
71,83,2
71,84,3
71,85,4
71,86,6
71,87,16
71,88,9
71,89,0
71,90,16
71,91,1
71,92,3
71,93,17
71,94,7
71,95,19
71,96,1
71,97,11
71,98,19
71,99,0
72,73,1
72,74,1
72,75,11
72,76,1
72,77,10
72,78,10
72,79,0
72,80,10
72,81,17
72,82,9
72,83,15
72,84,15
72,85,8
72,86,2
72,87,0
72,88,7
72,89,8
72,90,10
72,91,4
72,92,18
72,93,18
72,94,19
72,95,11
72,96,0
72,97,17
72,98,14
72,99,8
73,74,3
73,75,2
73,76,10
73,77,8
73,78,0
73,79,9
73,80,12
73,81,18
73,82,9
73,83,11
73,84,9
73,85,18
73,86,14
73,87,3
73,88,11
73,89,0
73,90,11
73,91,19
73,92,6
73,93,12
73,94,18
73,95,14
73,96,5
73,97,3
73,98,5
73,99,14
74,75,7
74,76,7
74,77,5
74,78,17
74,79,10
74,80,16
74,81,7
74,82,5
74,83,15
74,84,4
74,85,17
74,86,4
74,87,3
74,88,13
74,89,0
74,90,4
74,91,18
74,92,15
74,93,1
74,94,14
74,95,11
74,96,7
74,97,13
74,98,0
74,99,18
75,76,12
75,77,16
75,78,10
75,79,6
75,80,3
75,81,8
75,82,2
75,83,11
75,84,7
75,85,10
75,86,16
75,87,0
75,88,16
75,89,8
75,90,19
75,91,1
75,92,18
75,93,5
75,94,15
75,95,11
75,96,15
75,97,0
75,98,19
75,99,2
76,77,8
76,78,19
76,79,7
76,80,15
76,81,12
76,82,16
76,83,19
76,84,14
76,85,2
76,86,6
76,87,5
76,88,13
76,89,0
76,90,4
76,91,8
76,92,10
76,93,0
76,94,3
76,95,4
76,96,17
76,97,13
76,98,6
76,99,0
77,78,2
77,79,11
77,80,5
77,81,5
77,82,12
77,83,1
77,84,18
77,85,2
77,86,19
77,87,15
77,88,13
77,89,10
77,90,6
77,91,17
77,92,14
77,93,7
77,94,18
77,95,2
77,96,2
77,97,0
77,98,10
77,99,11
78,79,18
78,80,0
78,81,11
78,82,3
78,83,13
78,84,8
78,85,4
78,86,18
78,87,3
78,88,5
78,89,4
78,90,1
78,91,9
78,92,4
78,93,19
78,94,8
78,95,9
78,96,9
78,97,18
78,98,1
78,99,1
79,80,16
79,81,3
79,82,16
79,83,7
79,84,15
79,85,2
79,86,14
79,87,16
79,88,17
79,89,18
79,90,5
79,91,9
79,92,9
79,93,1
79,94,6
79,95,13
79,96,14
79,97,16
79,98,5
79,99,12
80,81,11
80,82,18
80,83,5
80,84,12
80,85,10
80,86,2
80,87,1
80,88,4
80,89,8
80,90,15
80,91,1
80,92,18
80,93,8
80,94,3
80,95,10
80,96,16
80,97,18
80,98,11
80,99,3
81,82,6
81,83,18
81,84,8
81,85,2
81,86,2
81,87,9
81,88,6
81,89,19
81,90,0
81,91,9
81,92,4
81,93,15
81,94,12
81,95,15
81,96,5
81,97,1
81,98,14
81,99,11
82,83,13
82,84,17
82,85,9
82,86,10
82,87,0
82,88,14
82,89,5
82,90,6
82,91,15
82,92,9
82,93,14
82,94,15
82,95,3
82,96,9
82,97,14
82,98,0
82,99,17
83,84,19
83,85,16
83,86,2
83,87,9
83,88,2
83,89,10
83,90,11
83,91,6
83,92,5
83,93,12
83,94,8
83,95,0
83,96,15
83,97,11
83,98,3
83,99,4
84,85,9
84,86,1
84,87,1
84,88,19
84,89,2
84,90,17
84,91,16
84,92,8
84,93,4
84,94,12
84,95,0
84,96,1
84,97,12
84,98,18
84,99,9
85,86,16
85,87,3
85,88,11
85,89,4
85,90,3
85,91,13
85,92,8
85,93,0
85,94,6
85,95,0
85,96,16
85,97,8
85,98,16
85,99,3
86,87,4
86,88,14
86,89,12
86,90,0
86,91,4
86,92,6
86,93,1
86,94,10
86,95,16
86,96,7
86,97,15
86,98,1
86,99,1
87,88,14
87,89,5
87,90,13
87,91,19
87,92,16
87,93,12
87,94,9
87,95,1
87,96,7
87,97,1
87,98,19
87,99,12
88,89,2
88,90,0
88,91,18
88,92,19
88,93,16
88,94,9
88,95,13
88,96,2
88,97,0
88,98,0
88,99,18
89,90,8
89,91,8
89,92,12
89,93,5
89,94,3
89,95,16
89,96,8
89,97,3
89,98,9
89,99,2
90,91,19
90,92,10
90,93,1
90,94,2
90,95,13
90,96,7
90,97,2
90,98,16
90,99,11
91,92,15
91,93,14
91,94,5
91,95,10
91,96,4
91,97,4
91,98,0
91,99,18
92,93,15
92,94,14
92,95,6
92,96,7
92,97,16
92,98,2
92,99,9
93,94,14
93,95,8
93,96,3
93,97,3
93,98,4
93,99,1
94,95,10
94,96,9
94,97,19
94,98,10
94,99,9
95,96,11
95,97,2
95,98,19
95,99,1
96,97,2
96,98,3
96,99,3
97,98,6
97,99,18
98,99,1
